clients,rounds,accuracy,precision,recall,f1-score
5,50,0.9206545884821897,0.9328337946233767,0.9206545884821897,0.9177007082530815
